{
  "project_info": {
    "project_number": "508769872429",
    "firebase_url": "https://project-85fd0.firebaseio.com",
    "project_id": "project-85fd0",
    "storage_bucket": "project-85fd0.appspot.com"
  },
  "client": [
    {
      "client_info": {
        "mobilesdk_app_id": "1:508769872429:android:58868709ffc52f7a",
        "android_client_info": {
          "package_name": "com.example.finalproject"
        }
      },
      "oauth_client": [
        {
          "client_id": "508769872429-ffu713ks91surv3cu4emk5dbbgbgu52u.apps.googleusercontent.com",
          "client_type": 3
        }
      ],
      "api_key": [
        {
          "current_key": "AIzaSyAzmUA_h72IxJikYkfGoCXIixYXMaZxYzY"
        }
      ],
      "services": {
        "appinvite_service": {
          "other_platform_oauth_client": [
            {
              "client_id": "508769872429-ffu713ks91surv3cu4emk5dbbgbgu52u.apps.googleusercontent.com",
              "client_type": 3
            }
          ]
        }
      }
    }
  ],
  "configuration_version": "1"
}